-6,-2,Hm+aPfY00W2UvUjUY6SR4viZdSY=,ebs7HRz1dxO0OSdzl14bX3I6N1Q=
-6,-3,Hm+aPfY00W2UvUjUY6SR4viZdSY=,pOfI5iyqoTjNBKaJlXq9Vn/B+Lc=
-7,-2,Hm+aPfY00W2UvUjUY6SR4viZdSY=,HeuTexcYBjFrtYM4b6yVUx1TY1M=
-7,-3,Hm+aPfY00W2UvUjUY6SR4viZdSY=,CCdIf3X4nqQ5IRYUGF81574/obo=
-6,-4,Hm+aPfY00W2UvUjUY6SR4viZdSY=,pOfI5iyqoTjNBKaJlXq9Vn/B+Lc=
-6,-5,Hm+aPfY00W2UvUjUY6SR4viZdSY=,kmC1YDQoMrI/R/kMyDG2hCPVYDo=
-7,-5,Hm+aPfY00W2UvUjUY6SR4viZdSY=,3TIHIZ0U1NqMuA5wQRoXbjw6pmk=
-8,-4,Hm+aPfY00W2UvUjUY6SR4viZdSY=,CCdIf3X4nqQ5IRYUGF81574/obo=
-8,-5,Hm+aPfY00W2UvUjUY6SR4viZdSY=,3TIHIZ0U1NqMuA5wQRoXbjw6pmk=
-7,-4,Hm+aPfY00W2UvUjUY6SR4viZdSY=,CCdIf3X4nqQ5IRYUGF81574/obo=
-9,-4,Hm+aPfY00W2UvUjUY6SR4viZdSY=,WNz4GyHMT3GdtyWQSiNs7v+aT3A=
-9,-5,Hm+aPfY00W2UvUjUY6SR4viZdSY=,WxFXYS2e59V7RPNCng/ioFJ+EPA=
-8,-7,Hm+aPfY00W2UvUjUY6SR4viZdSY=,I1qL+4V2KfIGGlFFX9qbzk/yT3o=
-9,-6,Hm+aPfY00W2UvUjUY6SR4viZdSY=,WxFXYS2e59V7RPNCng/ioFJ+EPA=
-9,-7,Hm+aPfY00W2UvUjUY6SR4viZdSY=,Vv08EbSFQ7jzOdlzFmpWjFy2zpc=
-8,-6,Hm+aPfY00W2UvUjUY6SR4viZdSY=,3TIHIZ0U1NqMuA5wQRoXbjw6pmk=
-9,-8,Hm+aPfY00W2UvUjUY6SR4viZdSY=,Vv08EbSFQ7jzOdlzFmpWjFy2zpc=
-8,-9,Hm+aPfY00W2UvUjUY6SR4viZdSY=,6iOrwavBuE+VpBoBq9L7sBK/nGA=
-8,-8,Hm+aPfY00W2UvUjUY6SR4viZdSY=,I1qL+4V2KfIGGlFFX9qbzk/yT3o=
-9,-9,Hm+aPfY00W2UvUjUY6SR4viZdSY=,hdNBbQQaIAfen/UR8jpmhn4LmhU=
-9,-11,Hm+aPfY00W2UvUjUY6SR4viZdSY=,fwQONoYUrjjldSgiDJfM/OitOEg=
-9,-10,Hm+aPfY00W2UvUjUY6SR4viZdSY=,hdNBbQQaIAfen/UR8jpmhn4LmhU=
-8,-11,Hm+aPfY00W2UvUjUY6SR4viZdSY=,GJ4oup4bUBCGL0CKDUrxTntKF8g=
-8,-13,Hm+aPfY00W2UvUjUY6SR4viZdSY=,o+AheUS10Nlw5ikO+qmK7s9+Ltw=
-6,-12,Hm+aPfY00W2UvUjUY6SR4viZdSY=,k8a2IPgHzWzSNaj6mNIJaQcC1m0=
-8,-10,Hm+aPfY00W2UvUjUY6SR4viZdSY=,6iOrwavBuE+VpBoBq9L7sBK/nGA=
-9,-12,Hm+aPfY00W2UvUjUY6SR4viZdSY=,fwQONoYUrjjldSgiDJfM/OitOEg=
-7,-12,Hm+aPfY00W2UvUjUY6SR4viZdSY=,GJ4oup4bUBCGL0CKDUrxTntKF8g=
-7,-13,Hm+aPfY00W2UvUjUY6SR4viZdSY=,o+AheUS10Nlw5ikO+qmK7s9+Ltw=
-9,-13,Hm+aPfY00W2UvUjUY6SR4viZdSY=,WpODuEwces2vCUvjeqpK6VkyzzY=
-8,-12,Hm+aPfY00W2UvUjUY6SR4viZdSY=,GJ4oup4bUBCGL0CKDUrxTntKF8g=
-6,-13,Hm+aPfY00W2UvUjUY6SR4viZdSY=,vlGoCftG+zrkMNKOVP7Ypa0SvIo=
-15,-12,Hm+aPfY00W2UvUjUY6SR4viZdSY=,xr/1ZWus1SCJw/DxJ8KiZecv6sA=
-15,-13,Hm+aPfY00W2UvUjUY6SR4viZdSY=,AWKU7418iDvy3Ptl0gsOg49sMfA=
-14,-12,Hm+aPfY00W2UvUjUY6SR4viZdSY=,4pybmyY76myK5tOJgXK4sJQLQNk=
-14,-15,Hm+aPfY00W2UvUjUY6SR4viZdSY=,m3a9YCcEPJB/mBtVx1Tbn4p1muQ=
-15,-15,Hm+aPfY00W2UvUjUY6SR4viZdSY=,y2zTl0YRmWvzpxU3PrZXqZNnK4A=
-14,-13,Hm+aPfY00W2UvUjUY6SR4viZdSY=,x2+4m+cxUYESkdXBjQQ5zFGUOJw=
-14,-14,Hm+aPfY00W2UvUjUY6SR4viZdSY=,x2+4m+cxUYESkdXBjQQ5zFGUOJw=
-15,-14,Hm+aPfY00W2UvUjUY6SR4viZdSY=,AWKU7418iDvy3Ptl0gsOg49sMfA=
-15,-10,Hm+aPfY00W2UvUjUY6SR4viZdSY=,Yg2h2/onkOeLbETXqSjePHuF3q4=
-15,-11,Hm+aPfY00W2UvUjUY6SR4viZdSY=,xr/1ZWus1SCJw/DxJ8KiZecv6sA=
-15,-8,Hm+aPfY00W2UvUjUY6SR4viZdSY=,xQfMPpfWtiz9aLxf8b/DnIQJDek=
-14,-11,Hm+aPfY00W2UvUjUY6SR4viZdSY=,4pybmyY76myK5tOJgXK4sJQLQNk=
-14,-8,Hm+aPfY00W2UvUjUY6SR4viZdSY=,9nSChptcTDSGwfyP9yn7ZCkPT9w=
-15,-7,Hm+aPfY00W2UvUjUY6SR4viZdSY=,xQfMPpfWtiz9aLxf8b/DnIQJDek=
-14,-7,Hm+aPfY00W2UvUjUY6SR4viZdSY=,9nSChptcTDSGwfyP9yn7ZCkPT9w=
-15,-9,Hm+aPfY00W2UvUjUY6SR4viZdSY=,Yg2h2/onkOeLbETXqSjePHuF3q4=
-15,-6,Hm+aPfY00W2UvUjUY6SR4viZdSY=,tsIY6NUl1+dV3YjzMihPVDVCp74=
-14,-6,Hm+aPfY00W2UvUjUY6SR4viZdSY=,DC3s435HRYdHE3+bIPeJjQaA2Kg=
-13,-7,Hm+aPfY00W2UvUjUY6SR4viZdSY=,9nSChptcTDSGwfyP9yn7ZCkPT9w=
-11,-6,Hm+aPfY00W2UvUjUY6SR4viZdSY=,IBrdDP+gx5n5fYvBGgW3VHEP+NA=
-10,-6,Hm+aPfY00W2UvUjUY6SR4viZdSY=,WxFXYS2e59V7RPNCng/ioFJ+EPA=
-12,-6,Hm+aPfY00W2UvUjUY6SR4viZdSY=,IBrdDP+gx5n5fYvBGgW3VHEP+NA=
-13,-6,Hm+aPfY00W2UvUjUY6SR4viZdSY=,DC3s435HRYdHE3+bIPeJjQaA2Kg=
-10,-7,Hm+aPfY00W2UvUjUY6SR4viZdSY=,Vv08EbSFQ7jzOdlzFmpWjFy2zpc=
-15,-5,Hm+aPfY00W2UvUjUY6SR4viZdSY=,tsIY6NUl1+dV3YjzMihPVDVCp74=
-14,-5,Hm+aPfY00W2UvUjUY6SR4viZdSY=,DC3s435HRYdHE3+bIPeJjQaA2Kg=
-14,-4,Hm+aPfY00W2UvUjUY6SR4viZdSY=,6hdHN3kOOGtHxLjuPevhjGr0xcQ=
-13,-4,Hm+aPfY00W2UvUjUY6SR4viZdSY=,6hdHN3kOOGtHxLjuPevhjGr0xcQ=
-13,-5,Hm+aPfY00W2UvUjUY6SR4viZdSY=,DC3s435HRYdHE3+bIPeJjQaA2Kg=
-10,-4,Hm+aPfY00W2UvUjUY6SR4viZdSY=,WNz4GyHMT3GdtyWQSiNs7v+aT3A=
-11,-4,Hm+aPfY00W2UvUjUY6SR4viZdSY=,Lul83peUzPYSL8VAv50Wa7srmys=
-12,-5,Hm+aPfY00W2UvUjUY6SR4viZdSY=,IBrdDP+gx5n5fYvBGgW3VHEP+NA=
-9,-2,Hm+aPfY00W2UvUjUY6SR4viZdSY=,HER6KVpJKTdYVizISl9x6suUqu0=
-11,-5,Hm+aPfY00W2UvUjUY6SR4viZdSY=,IBrdDP+gx5n5fYvBGgW3VHEP+NA=
-10,-5,Hm+aPfY00W2UvUjUY6SR4viZdSY=,WxFXYS2e59V7RPNCng/ioFJ+EPA=
-12,-4,Hm+aPfY00W2UvUjUY6SR4viZdSY=,Lul83peUzPYSL8VAv50Wa7srmys=
-8,-3,Hm+aPfY00W2UvUjUY6SR4viZdSY=,CCdIf3X4nqQ5IRYUGF81574/obo=
-8,-2,Hm+aPfY00W2UvUjUY6SR4viZdSY=,HeuTexcYBjFrtYM4b6yVUx1TY1M=
-10,-3,Hm+aPfY00W2UvUjUY6SR4viZdSY=,WNz4GyHMT3GdtyWQSiNs7v+aT3A=
-11,-3,Hm+aPfY00W2UvUjUY6SR4viZdSY=,Lul83peUzPYSL8VAv50Wa7srmys=
-11,-2,Hm+aPfY00W2UvUjUY6SR4viZdSY=,Z1AwYUrYQp7i32nYQhGsa3bbxm4=
-9,-3,Hm+aPfY00W2UvUjUY6SR4viZdSY=,WNz4GyHMT3GdtyWQSiNs7v+aT3A=
-10,-2,Hm+aPfY00W2UvUjUY6SR4viZdSY=,HER6KVpJKTdYVizISl9x6suUqu0=
-8,-1,Hm+aPfY00W2UvUjUY6SR4viZdSY=,HeuTexcYBjFrtYM4b6yVUx1TY1M=
-9,-1,Hm+aPfY00W2UvUjUY6SR4viZdSY=,HER6KVpJKTdYVizISl9x6suUqu0=
-7,-1,Hm+aPfY00W2UvUjUY6SR4viZdSY=,HeuTexcYBjFrtYM4b6yVUx1TY1M=
-6,-1,Hm+aPfY00W2UvUjUY6SR4viZdSY=,ebs7HRz1dxO0OSdzl14bX3I6N1Q=
-2,-6,snZMfdV34bhYcvUnd92uRFhvTzw=,q/SGZmwru9tGiRPadgmunTD0uIg=
-3,-6,snZMfdV34bhYcvUnd92uRFhvTzw=,OHjD1kqcANrXKOs45V2Tw0yUM8A=
-2,-7,snZMfdV34bhYcvUnd92uRFhvTzw=,bnPES/ipmmKudP58zqwmJ0ZY2+g=
-3,-7,snZMfdV34bhYcvUnd92uRFhvTzw=,6iAfVUDzODB+zZ2sZeyFoygAbKM=
-4,-7,snZMfdV34bhYcvUnd92uRFhvTzw=,6iAfVUDzODB+zZ2sZeyFoygAbKM=
-7,-6,snZMfdV34bhYcvUnd92uRFhvTzw=,3TIHIZ0U1NqMuA5wQRoXbjw6pmk=
-5,-6,snZMfdV34bhYcvUnd92uRFhvTzw=,kmC1YDQoMrI/R/kMyDG2hCPVYDo=
-7,-7,snZMfdV34bhYcvUnd92uRFhvTzw=,I1qL+4V2KfIGGlFFX9qbzk/yT3o=
-4,-6,snZMfdV34bhYcvUnd92uRFhvTzw=,OHjD1kqcANrXKOs45V2Tw0yUM8A=
-5,-7,snZMfdV34bhYcvUnd92uRFhvTzw=,m2200ftysZmY2hqlONtatNmPfho=
-6,-7,snZMfdV34bhYcvUnd92uRFhvTzw=,m2200ftysZmY2hqlONtatNmPfho=
-6,-6,snZMfdV34bhYcvUnd92uRFhvTzw=,kmC1YDQoMrI/R/kMyDG2hCPVYDo=
-4,-5,snZMfdV34bhYcvUnd92uRFhvTzw=,OHjD1kqcANrXKOs45V2Tw0yUM8A=
-5,-5,snZMfdV34bhYcvUnd92uRFhvTzw=,kmC1YDQoMrI/R/kMyDG2hCPVYDo=
-5,-4,snZMfdV34bhYcvUnd92uRFhvTzw=,pOfI5iyqoTjNBKaJlXq9Vn/B+Lc=
-5,-3,snZMfdV34bhYcvUnd92uRFhvTzw=,pOfI5iyqoTjNBKaJlXq9Vn/B+Lc=
-5,-2,snZMfdV34bhYcvUnd92uRFhvTzw=,ebs7HRz1dxO0OSdzl14bX3I6N1Q=
-1,-5,snZMfdV34bhYcvUnd92uRFhvTzw=,q/SGZmwru9tGiRPadgmunTD0uIg=
-2,-5,snZMfdV34bhYcvUnd92uRFhvTzw=,q/SGZmwru9tGiRPadgmunTD0uIg=
-3,-5,snZMfdV34bhYcvUnd92uRFhvTzw=,OHjD1kqcANrXKOs45V2Tw0yUM8A=
-4,-4,snZMfdV34bhYcvUnd92uRFhvTzw=,wPDqoggxUqyB7Gx0pX41CoWNaoI=
-6,-8,snZMfdV34bhYcvUnd92uRFhvTzw=,m2200ftysZmY2hqlONtatNmPfho=
-7,-8,snZMfdV34bhYcvUnd92uRFhvTzw=,I1qL+4V2KfIGGlFFX9qbzk/yT3o=
-6,-11,snZMfdV34bhYcvUnd92uRFhvTzw=,k8a2IPgHzWzSNaj6mNIJaQcC1m0=
-7,-10,snZMfdV34bhYcvUnd92uRFhvTzw=,6iOrwavBuE+VpBoBq9L7sBK/nGA=
-7,-9,snZMfdV34bhYcvUnd92uRFhvTzw=,6iOrwavBuE+VpBoBq9L7sBK/nGA=
-6,-10,snZMfdV34bhYcvUnd92uRFhvTzw=,UwBXdZPMsSppX1VfWA1iD8emkoQ=
-7,-11,snZMfdV34bhYcvUnd92uRFhvTzw=,GJ4oup4bUBCGL0CKDUrxTntKF8g=
-6,-9,snZMfdV34bhYcvUnd92uRFhvTzw=,UwBXdZPMsSppX1VfWA1iD8emkoQ=
-4,-2,snZMfdV34bhYcvUnd92uRFhvTzw=,z47PQOzxIT3AKtNXj9qgs1Z68R0=
-4,-3,snZMfdV34bhYcvUnd92uRFhvTzw=,wPDqoggxUqyB7Gx0pX41CoWNaoI=
-4,-8,snZMfdV34bhYcvUnd92uRFhvTzw=,6iAfVUDzODB+zZ2sZeyFoygAbKM=
-4,-9,snZMfdV34bhYcvUnd92uRFhvTzw=,Pc5oo5Y2iyaS7xuiKzgy73VKYhY=
-5,-8,snZMfdV34bhYcvUnd92uRFhvTzw=,m2200ftysZmY2hqlONtatNmPfho=
-5,-9,snZMfdV34bhYcvUnd92uRFhvTzw=,UwBXdZPMsSppX1VfWA1iD8emkoQ=
-2,-2,snZMfdV34bhYcvUnd92uRFhvTzw=,bYhl7vxA+HJ0XIPy10f7JWMmiYc=
-2,-4,snZMfdV34bhYcvUnd92uRFhvTzw=,HxW28Yb/l7QHC/PdbeCvAurzd/M=
-3,-2,snZMfdV34bhYcvUnd92uRFhvTzw=,z47PQOzxIT3AKtNXj9qgs1Z68R0=
-2,-3,snZMfdV34bhYcvUnd92uRFhvTzw=,HxW28Yb/l7QHC/PdbeCvAurzd/M=
-3,-4,snZMfdV34bhYcvUnd92uRFhvTzw=,wPDqoggxUqyB7Gx0pX41CoWNaoI=
-1,-2,snZMfdV34bhYcvUnd92uRFhvTzw=,bYhl7vxA+HJ0XIPy10f7JWMmiYc=
-3,-3,snZMfdV34bhYcvUnd92uRFhvTzw=,wPDqoggxUqyB7Gx0pX41CoWNaoI=
-5,-11,snZMfdV34bhYcvUnd92uRFhvTzw=,k8a2IPgHzWzSNaj6mNIJaQcC1m0=
-5,-10,snZMfdV34bhYcvUnd92uRFhvTzw=,UwBXdZPMsSppX1VfWA1iD8emkoQ=
-1,-4,snZMfdV34bhYcvUnd92uRFhvTzw=,HxW28Yb/l7QHC/PdbeCvAurzd/M=
-4,-11,snZMfdV34bhYcvUnd92uRFhvTzw=,40ZTOMeYn67Ys88oQPc5D3WLnQM=
-4,-10,snZMfdV34bhYcvUnd92uRFhvTzw=,Pc5oo5Y2iyaS7xuiKzgy73VKYhY=
-2,-11,snZMfdV34bhYcvUnd92uRFhvTzw=,JuzQrPasmf6+bQOxTbYlVtO8v2E=
-1,-3,snZMfdV34bhYcvUnd92uRFhvTzw=,HxW28Yb/l7QHC/PdbeCvAurzd/M=
-2,-8,snZMfdV34bhYcvUnd92uRFhvTzw=,bnPES/ipmmKudP58zqwmJ0ZY2+g=
-3,-8,snZMfdV34bhYcvUnd92uRFhvTzw=,6iAfVUDzODB+zZ2sZeyFoygAbKM=
-3,-11,snZMfdV34bhYcvUnd92uRFhvTzw=,40ZTOMeYn67Ys88oQPc5D3WLnQM=
-2,-10,snZMfdV34bhYcvUnd92uRFhvTzw=,d5Q/4CdbpfAxxTz6z/gpq5C/Ohc=
-3,-10,snZMfdV34bhYcvUnd92uRFhvTzw=,Pc5oo5Y2iyaS7xuiKzgy73VKYhY=
-3,-9,snZMfdV34bhYcvUnd92uRFhvTzw=,Pc5oo5Y2iyaS7xuiKzgy73VKYhY=
-2,-9,snZMfdV34bhYcvUnd92uRFhvTzw=,d5Q/4CdbpfAxxTz6z/gpq5C/Ohc=
-1,-10,snZMfdV34bhYcvUnd92uRFhvTzw=,d5Q/4CdbpfAxxTz6z/gpq5C/Ohc=
-1,-11,snZMfdV34bhYcvUnd92uRFhvTzw=,JuzQrPasmf6+bQOxTbYlVtO8v2E=
-4,-12,snZMfdV34bhYcvUnd92uRFhvTzw=,40ZTOMeYn67Ys88oQPc5D3WLnQM=
-5,-12,snZMfdV34bhYcvUnd92uRFhvTzw=,k8a2IPgHzWzSNaj6mNIJaQcC1m0=
-5,-13,snZMfdV34bhYcvUnd92uRFhvTzw=,vlGoCftG+zrkMNKOVP7Ypa0SvIo=
-5,-14,snZMfdV34bhYcvUnd92uRFhvTzw=,vlGoCftG+zrkMNKOVP7Ypa0SvIo=
-4,-15,snZMfdV34bhYcvUnd92uRFhvTzw=,XL+UOGJrJAYy7uVBj4SZmOF/ODM=
-12,-3,snZMfdV34bhYcvUnd92uRFhvTzw=,Lul83peUzPYSL8VAv50Wa7srmys=
-12,-2,snZMfdV34bhYcvUnd92uRFhvTzw=,Z1AwYUrYQp7i32nYQhGsa3bbxm4=
-13,-3,snZMfdV34bhYcvUnd92uRFhvTzw=,6hdHN3kOOGtHxLjuPevhjGr0xcQ=
-1,-16,snZMfdV34bhYcvUnd92uRFhvTzw=,QY2UG7hWZhFR8cXWs0+DK2hZO14=
-3,-16,snZMfdV34bhYcvUnd92uRFhvTzw=,XL+UOGJrJAYy7uVBj4SZmOF/ODM=
-2,-16,snZMfdV34bhYcvUnd92uRFhvTzw=,QY2UG7hWZhFR8cXWs0+DK2hZO14=
-3,-12,snZMfdV34bhYcvUnd92uRFhvTzw=,40ZTOMeYn67Ys88oQPc5D3WLnQM=
-2,-15,snZMfdV34bhYcvUnd92uRFhvTzw=,QY2UG7hWZhFR8cXWs0+DK2hZO14=
-2,-14,snZMfdV34bhYcvUnd92uRFhvTzw=,7c8wWVbSBEFzxhb1xGvsk/8r8Fc=
-1,-13,snZMfdV34bhYcvUnd92uRFhvTzw=,7c8wWVbSBEFzxhb1xGvsk/8r8Fc=
-1,-15,snZMfdV34bhYcvUnd92uRFhvTzw=,QY2UG7hWZhFR8cXWs0+DK2hZO14=
-2,-12,snZMfdV34bhYcvUnd92uRFhvTzw=,JuzQrPasmf6+bQOxTbYlVtO8v2E=
-2,-13,snZMfdV34bhYcvUnd92uRFhvTzw=,7c8wWVbSBEFzxhb1xGvsk/8r8Fc=
-1,-12,snZMfdV34bhYcvUnd92uRFhvTzw=,JuzQrPasmf6+bQOxTbYlVtO8v2E=
-3,-15,snZMfdV34bhYcvUnd92uRFhvTzw=,XL+UOGJrJAYy7uVBj4SZmOF/ODM=
-1,-14,snZMfdV34bhYcvUnd92uRFhvTzw=,7c8wWVbSBEFzxhb1xGvsk/8r8Fc=
-14,-3,snZMfdV34bhYcvUnd92uRFhvTzw=,6hdHN3kOOGtHxLjuPevhjGr0xcQ=
-10,-8,snZMfdV34bhYcvUnd92uRFhvTzw=,Vv08EbSFQ7jzOdlzFmpWjFy2zpc=
-11,-9,snZMfdV34bhYcvUnd92uRFhvTzw=,rIGkPgoOlRMWKND2nkCzmQSRYv0=
-13,-8,snZMfdV34bhYcvUnd92uRFhvTzw=,9nSChptcTDSGwfyP9yn7ZCkPT9w=
-12,-9,snZMfdV34bhYcvUnd92uRFhvTzw=,rIGkPgoOlRMWKND2nkCzmQSRYv0=
-10,-9,snZMfdV34bhYcvUnd92uRFhvTzw=,hdNBbQQaIAfen/UR8jpmhn4LmhU=
-13,-12,snZMfdV34bhYcvUnd92uRFhvTzw=,4pybmyY76myK5tOJgXK4sJQLQNk=
-13,-11,snZMfdV34bhYcvUnd92uRFhvTzw=,4pybmyY76myK5tOJgXK4sJQLQNk=
-10,-12,snZMfdV34bhYcvUnd92uRFhvTzw=,fwQONoYUrjjldSgiDJfM/OitOEg=
-11,-12,snZMfdV34bhYcvUnd92uRFhvTzw=,ydix0+FWQnoNFhnBh7SK3t2Xfw4=
-13,-13,snZMfdV34bhYcvUnd92uRFhvTzw=,x2+4m+cxUYESkdXBjQQ5zFGUOJw=
-12,-12,snZMfdV34bhYcvUnd92uRFhvTzw=,ydix0+FWQnoNFhnBh7SK3t2Xfw4=
-10,-11,snZMfdV34bhYcvUnd92uRFhvTzw=,fwQONoYUrjjldSgiDJfM/OitOEg=
-11,-10,snZMfdV34bhYcvUnd92uRFhvTzw=,rIGkPgoOlRMWKND2nkCzmQSRYv0=
-12,-10,snZMfdV34bhYcvUnd92uRFhvTzw=,rIGkPgoOlRMWKND2nkCzmQSRYv0=
-12,-13,snZMfdV34bhYcvUnd92uRFhvTzw=,4XyuXhmmTBjNdgmGJDl545h4Ca0=
-11,-13,snZMfdV34bhYcvUnd92uRFhvTzw=,4XyuXhmmTBjNdgmGJDl545h4Ca0=
-11,-11,snZMfdV34bhYcvUnd92uRFhvTzw=,ydix0+FWQnoNFhnBh7SK3t2Xfw4=
-12,-11,snZMfdV34bhYcvUnd92uRFhvTzw=,ydix0+FWQnoNFhnBh7SK3t2Xfw4=
-10,-13,snZMfdV34bhYcvUnd92uRFhvTzw=,WpODuEwces2vCUvjeqpK6VkyzzY=
-10,-10,snZMfdV34bhYcvUnd92uRFhvTzw=,hdNBbQQaIAfen/UR8jpmhn4LmhU=
-13,-15,snZMfdV34bhYcvUnd92uRFhvTzw=,m3a9YCcEPJB/mBtVx1Tbn4p1muQ=
-13,-16,snZMfdV34bhYcvUnd92uRFhvTzw=,m3a9YCcEPJB/mBtVx1Tbn4p1muQ=
-13,-14,snZMfdV34bhYcvUnd92uRFhvTzw=,x2+4m+cxUYESkdXBjQQ5zFGUOJw=
-12,-16,snZMfdV34bhYcvUnd92uRFhvTzw=,JVR7UAFBK8NGqzsZAnPNbQSdbFM=
-12,-15,snZMfdV34bhYcvUnd92uRFhvTzw=,JVR7UAFBK8NGqzsZAnPNbQSdbFM=
-12,-14,snZMfdV34bhYcvUnd92uRFhvTzw=,4XyuXhmmTBjNdgmGJDl545h4Ca0=
-11,-14,snZMfdV34bhYcvUnd92uRFhvTzw=,4XyuXhmmTBjNdgmGJDl545h4Ca0=
-10,-15,snZMfdV34bhYcvUnd92uRFhvTzw=,bUZgvp3RR1DRqrufjdA3l0PD0xI=
-11,-15,snZMfdV34bhYcvUnd92uRFhvTzw=,JVR7UAFBK8NGqzsZAnPNbQSdbFM=
-10,-14,snZMfdV34bhYcvUnd92uRFhvTzw=,WpODuEwces2vCUvjeqpK6VkyzzY=
-8,-15,snZMfdV34bhYcvUnd92uRFhvTzw=,Uh1+K6yXZgI/kytcBkHxxAbauKc=
-7,-15,snZMfdV34bhYcvUnd92uRFhvTzw=,Uh1+K6yXZgI/kytcBkHxxAbauKc=
-6,-14,snZMfdV34bhYcvUnd92uRFhvTzw=,vlGoCftG+zrkMNKOVP7Ypa0SvIo=
-9,-14,snZMfdV34bhYcvUnd92uRFhvTzw=,WpODuEwces2vCUvjeqpK6VkyzzY=
-7,-14,snZMfdV34bhYcvUnd92uRFhvTzw=,o+AheUS10Nlw5ikO+qmK7s9+Ltw=
-9,-15,snZMfdV34bhYcvUnd92uRFhvTzw=,bUZgvp3RR1DRqrufjdA3l0PD0xI=
-8,-14,snZMfdV34bhYcvUnd92uRFhvTzw=,o+AheUS10Nlw5ikO+qmK7s9+Ltw=
-4,-16,snZMfdV34bhYcvUnd92uRFhvTzw=,XL+UOGJrJAYy7uVBj4SZmOF/ODM=
-14,-16,snZMfdV34bhYcvUnd92uRFhvTzw=,m3a9YCcEPJB/mBtVx1Tbn4p1muQ=
-15,-16,snZMfdV34bhYcvUnd92uRFhvTzw=,y2zTl0YRmWvzpxU3PrZXqZNnK4A=
-10,-16,snZMfdV34bhYcvUnd92uRFhvTzw=,bUZgvp3RR1DRqrufjdA3l0PD0xI=
-11,-16,snZMfdV34bhYcvUnd92uRFhvTzw=,JVR7UAFBK8NGqzsZAnPNbQSdbFM=
-8,-16,snZMfdV34bhYcvUnd92uRFhvTzw=,Uh1+K6yXZgI/kytcBkHxxAbauKc=
-9,-16,snZMfdV34bhYcvUnd92uRFhvTzw=,bUZgvp3RR1DRqrufjdA3l0PD0xI=
-7,-16,snZMfdV34bhYcvUnd92uRFhvTzw=,Uh1+K6yXZgI/kytcBkHxxAbauKc=
-16,-12,snZMfdV34bhYcvUnd92uRFhvTzw=,xr/1ZWus1SCJw/DxJ8KiZecv6sA=
-16,-13,snZMfdV34bhYcvUnd92uRFhvTzw=,AWKU7418iDvy3Ptl0gsOg49sMfA=
-16,-10,snZMfdV34bhYcvUnd92uRFhvTzw=,Yg2h2/onkOeLbETXqSjePHuF3q4=
-16,-11,snZMfdV34bhYcvUnd92uRFhvTzw=,xr/1ZWus1SCJw/DxJ8KiZecv6sA=
-16,-8,snZMfdV34bhYcvUnd92uRFhvTzw=,xQfMPpfWtiz9aLxf8b/DnIQJDek=
-16,-9,snZMfdV34bhYcvUnd92uRFhvTzw=,Yg2h2/onkOeLbETXqSjePHuF3q4=
-16,-14,snZMfdV34bhYcvUnd92uRFhvTzw=,AWKU7418iDvy3Ptl0gsOg49sMfA=
-16,-15,snZMfdV34bhYcvUnd92uRFhvTzw=,y2zTl0YRmWvzpxU3PrZXqZNnK4A=
-16,-7,snZMfdV34bhYcvUnd92uRFhvTzw=,xQfMPpfWtiz9aLxf8b/DnIQJDek=
-16,-6,snZMfdV34bhYcvUnd92uRFhvTzw=,tsIY6NUl1+dV3YjzMihPVDVCp74=
-16,-5,snZMfdV34bhYcvUnd92uRFhvTzw=,tsIY6NUl1+dV3YjzMihPVDVCp74=
-16,-16,snZMfdV34bhYcvUnd92uRFhvTzw=,y2zTl0YRmWvzpxU3PrZXqZNnK4A=
-5,-1,snZMfdV34bhYcvUnd92uRFhvTzw=,ebs7HRz1dxO0OSdzl14bX3I6N1Q=
-3,-1,snZMfdV34bhYcvUnd92uRFhvTzw=,z47PQOzxIT3AKtNXj9qgs1Z68R0=
-10,-1,snZMfdV34bhYcvUnd92uRFhvTzw=,HER6KVpJKTdYVizISl9x6suUqu0=
-12,-1,snZMfdV34bhYcvUnd92uRFhvTzw=,Z1AwYUrYQp7i32nYQhGsa3bbxm4=
-11,-1,snZMfdV34bhYcvUnd92uRFhvTzw=,Z1AwYUrYQp7i32nYQhGsa3bbxm4=
-2,-1,snZMfdV34bhYcvUnd92uRFhvTzw=,bYhl7vxA+HJ0XIPy10f7JWMmiYc=
-4,-1,snZMfdV34bhYcvUnd92uRFhvTzw=,z47PQOzxIT3AKtNXj9qgs1Z68R0=
-1,-6,snZMfdV34bhYcvUnd92uRFhvTzw=,q/SGZmwru9tGiRPadgmunTD0uIg=
-1,-9,snZMfdV34bhYcvUnd92uRFhvTzw=,d5Q/4CdbpfAxxTz6z/gpq5C/Ohc=
-1,-8,snZMfdV34bhYcvUnd92uRFhvTzw=,bnPES/ipmmKudP58zqwmJ0ZY2+g=
-1,-1,snZMfdV34bhYcvUnd92uRFhvTzw=,bYhl7vxA+HJ0XIPy10f7JWMmiYc=
-1,-7,snZMfdV34bhYcvUnd92uRFhvTzw=,bnPES/ipmmKudP58zqwmJ0ZY2+g=
-13,-25,snZMfdV34bhYcvUnd92uRFhvTzw=,KoXWzxQKJdfEmFWBMObzqJYGFRI=
-13,-24,snZMfdV34bhYcvUnd92uRFhvTzw=,YrwPPqJd3G4MWJ1AS2CHkdwVgYY=
-12,-25,snZMfdV34bhYcvUnd92uRFhvTzw=,qWBVyU8IK9zLZ5APY3qx0r8Uho0=
-12,-23,snZMfdV34bhYcvUnd92uRFhvTzw=,70ADKFWE3U/eX8+8/yj+vSttXs4=
-13,-22,snZMfdV34bhYcvUnd92uRFhvTzw=,m93T8Ao8ZbI2SAcIXrPLe+yqFcE=
-12,-24,snZMfdV34bhYcvUnd92uRFhvTzw=,70ADKFWE3U/eX8+8/yj+vSttXs4=
-15,-24,snZMfdV34bhYcvUnd92uRFhvTzw=,m73+Q8if5HVYPHt0l+VPTcIse9A=
-13,-23,snZMfdV34bhYcvUnd92uRFhvTzw=,YrwPPqJd3G4MWJ1AS2CHkdwVgYY=
-12,-22,snZMfdV34bhYcvUnd92uRFhvTzw=,m2VdA4pYvpIh1k2PeatC4VlHBBM=
-14,-25,snZMfdV34bhYcvUnd92uRFhvTzw=,KoXWzxQKJdfEmFWBMObzqJYGFRI=
-14,-22,snZMfdV34bhYcvUnd92uRFhvTzw=,m93T8Ao8ZbI2SAcIXrPLe+yqFcE=
-15,-23,snZMfdV34bhYcvUnd92uRFhvTzw=,m73+Q8if5HVYPHt0l+VPTcIse9A=
-14,-24,snZMfdV34bhYcvUnd92uRFhvTzw=,YrwPPqJd3G4MWJ1AS2CHkdwVgYY=
-14,-23,snZMfdV34bhYcvUnd92uRFhvTzw=,YrwPPqJd3G4MWJ1AS2CHkdwVgYY=
-15,-22,snZMfdV34bhYcvUnd92uRFhvTzw=,c746aGwTf1ae8xA/WDyxcYlk56M=
-13,-21,snZMfdV34bhYcvUnd92uRFhvTzw=,m93T8Ao8ZbI2SAcIXrPLe+yqFcE=
-13,-20,snZMfdV34bhYcvUnd92uRFhvTzw=,sTZcjYrX+ni1EOZdZ74bwpbll10=
-12,-21,snZMfdV34bhYcvUnd92uRFhvTzw=,m2VdA4pYvpIh1k2PeatC4VlHBBM=
-12,-20,snZMfdV34bhYcvUnd92uRFhvTzw=,UrsiT5hN8YSHH4ibN0Be3ggJFsk=
-12,-19,snZMfdV34bhYcvUnd92uRFhvTzw=,UrsiT5hN8YSHH4ibN0Be3ggJFsk=
-13,-18,snZMfdV34bhYcvUnd92uRFhvTzw=,EJNCjvslWLVdKIqwWrhMzsTrDm0=
-13,-19,snZMfdV34bhYcvUnd92uRFhvTzw=,sTZcjYrX+ni1EOZdZ74bwpbll10=
-12,-18,snZMfdV34bhYcvUnd92uRFhvTzw=,k75KD5Thq+xIVXTXYwx3G0UMCd8=
-11,-20,snZMfdV34bhYcvUnd92uRFhvTzw=,UrsiT5hN8YSHH4ibN0Be3ggJFsk=
-11,-21,snZMfdV34bhYcvUnd92uRFhvTzw=,m2VdA4pYvpIh1k2PeatC4VlHBBM=
-10,-20,snZMfdV34bhYcvUnd92uRFhvTzw=,D7UEhloqYGoDhOtrqn33uistNyA=
-10,-21,snZMfdV34bhYcvUnd92uRFhvTzw=,OclnVj53ou2Gh3COZVHnhstOeVk=
-16,-23,snZMfdV34bhYcvUnd92uRFhvTzw=,m73+Q8if5HVYPHt0l+VPTcIse9A=
-11,-18,snZMfdV34bhYcvUnd92uRFhvTzw=,k75KD5Thq+xIVXTXYwx3G0UMCd8=
-16,-22,snZMfdV34bhYcvUnd92uRFhvTzw=,c746aGwTf1ae8xA/WDyxcYlk56M=
-10,-19,snZMfdV34bhYcvUnd92uRFhvTzw=,D7UEhloqYGoDhOtrqn33uistNyA=
-11,-19,snZMfdV34bhYcvUnd92uRFhvTzw=,UrsiT5hN8YSHH4ibN0Be3ggJFsk=
-10,-18,snZMfdV34bhYcvUnd92uRFhvTzw=,gDXim7ov11jf77Bm2eZvXayRApA=
-14,-19,snZMfdV34bhYcvUnd92uRFhvTzw=,sTZcjYrX+ni1EOZdZ74bwpbll10=
-14,-21,snZMfdV34bhYcvUnd92uRFhvTzw=,m93T8Ao8ZbI2SAcIXrPLe+yqFcE=
-15,-21,snZMfdV34bhYcvUnd92uRFhvTzw=,c746aGwTf1ae8xA/WDyxcYlk56M=
-15,-20,snZMfdV34bhYcvUnd92uRFhvTzw=,0CUSwwMmfwq218IjxVii6c0uZfw=
-16,-21,snZMfdV34bhYcvUnd92uRFhvTzw=,c746aGwTf1ae8xA/WDyxcYlk56M=
-14,-18,snZMfdV34bhYcvUnd92uRFhvTzw=,EJNCjvslWLVdKIqwWrhMzsTrDm0=
-14,-20,snZMfdV34bhYcvUnd92uRFhvTzw=,sTZcjYrX+ni1EOZdZ74bwpbll10=
-16,-19,snZMfdV34bhYcvUnd92uRFhvTzw=,0CUSwwMmfwq218IjxVii6c0uZfw=
-15,-19,snZMfdV34bhYcvUnd92uRFhvTzw=,0CUSwwMmfwq218IjxVii6c0uZfw=
-16,-20,snZMfdV34bhYcvUnd92uRFhvTzw=,0CUSwwMmfwq218IjxVii6c0uZfw=
-9,-18,snZMfdV34bhYcvUnd92uRFhvTzw=,gDXim7ov11jf77Bm2eZvXayRApA=
-9,-19,snZMfdV34bhYcvUnd92uRFhvTzw=,D7UEhloqYGoDhOtrqn33uistNyA=
-6,-18,snZMfdV34bhYcvUnd92uRFhvTzw=,Ip8YAUh+Ab1ADMk/squf2ODC+qE=
-6,-19,snZMfdV34bhYcvUnd92uRFhvTzw=,5Q7NJ0QAyfIVsE+Oo4uPqf+Q3HA=
-7,-18,snZMfdV34bhYcvUnd92uRFhvTzw=,63fwekm5H9K2nJMF/R74KqDBEhY=
-8,-18,snZMfdV34bhYcvUnd92uRFhvTzw=,63fwekm5H9K2nJMF/R74KqDBEhY=
-5,-18,snZMfdV34bhYcvUnd92uRFhvTzw=,Ip8YAUh+Ab1ADMk/squf2ODC+qE=
-5,-19,snZMfdV34bhYcvUnd92uRFhvTzw=,5Q7NJ0QAyfIVsE+Oo4uPqf+Q3HA=
-4,-18,snZMfdV34bhYcvUnd92uRFhvTzw=,6JU60sounpzwSUDiXOMXErfPOdY=
-14,-26,snZMfdV34bhYcvUnd92uRFhvTzw=,KoXWzxQKJdfEmFWBMObzqJYGFRI=
-13,-28,snZMfdV34bhYcvUnd92uRFhvTzw=,LfbfK+PoPXs3FVp4xeNAcpQkRxM=
-12,-26,snZMfdV34bhYcvUnd92uRFhvTzw=,qWBVyU8IK9zLZ5APY3qx0r8Uho0=
-14,-27,snZMfdV34bhYcvUnd92uRFhvTzw=,LfbfK+PoPXs3FVp4xeNAcpQkRxM=
-13,-26,snZMfdV34bhYcvUnd92uRFhvTzw=,KoXWzxQKJdfEmFWBMObzqJYGFRI=
-12,-27,snZMfdV34bhYcvUnd92uRFhvTzw=,9sHjW5H4jgVMCPlr3l9hj93OrxM=
-15,-27,snZMfdV34bhYcvUnd92uRFhvTzw=,+V+pFE3Ba0G60LJMDxrXQJ1jO4k=
-12,-28,snZMfdV34bhYcvUnd92uRFhvTzw=,9sHjW5H4jgVMCPlr3l9hj93OrxM=
-13,-29,snZMfdV34bhYcvUnd92uRFhvTzw=,VNqeTtmx88messOe3MGSwsUQLRU=
-12,-29,snZMfdV34bhYcvUnd92uRFhvTzw=,PMGxy1tAO7k+yOksGBzqgZFnHhQ=
-13,-27,snZMfdV34bhYcvUnd92uRFhvTzw=,LfbfK+PoPXs3FVp4xeNAcpQkRxM=
-16,-27,snZMfdV34bhYcvUnd92uRFhvTzw=,+V+pFE3Ba0G60LJMDxrXQJ1jO4k=
-5,-20,snZMfdV34bhYcvUnd92uRFhvTzw=,5Q7NJ0QAyfIVsE+Oo4uPqf+Q3HA=
-16,-24,snZMfdV34bhYcvUnd92uRFhvTzw=,m73+Q8if5HVYPHt0l+VPTcIse9A=
-15,-28,snZMfdV34bhYcvUnd92uRFhvTzw=,+V+pFE3Ba0G60LJMDxrXQJ1jO4k=
-16,-28,snZMfdV34bhYcvUnd92uRFhvTzw=,+V+pFE3Ba0G60LJMDxrXQJ1jO4k=
-16,-29,snZMfdV34bhYcvUnd92uRFhvTzw=,uWgjS3sJGirXeFvyOewRQ1eUUFU=
-14,-29,snZMfdV34bhYcvUnd92uRFhvTzw=,VNqeTtmx88messOe3MGSwsUQLRU=
-15,-29,snZMfdV34bhYcvUnd92uRFhvTzw=,uWgjS3sJGirXeFvyOewRQ1eUUFU=
-16,-31,snZMfdV34bhYcvUnd92uRFhvTzw=,ne041ukQeOOsJavTyyckI9JZt1g=
-16,-30,snZMfdV34bhYcvUnd92uRFhvTzw=,uWgjS3sJGirXeFvyOewRQ1eUUFU=
-15,-31,snZMfdV34bhYcvUnd92uRFhvTzw=,ne041ukQeOOsJavTyyckI9JZt1g=
-14,-30,snZMfdV34bhYcvUnd92uRFhvTzw=,VNqeTtmx88messOe3MGSwsUQLRU=
-15,-30,snZMfdV34bhYcvUnd92uRFhvTzw=,uWgjS3sJGirXeFvyOewRQ1eUUFU=
-14,-28,snZMfdV34bhYcvUnd92uRFhvTzw=,LfbfK+PoPXs3FVp4xeNAcpQkRxM=
-4,-17,snZMfdV34bhYcvUnd92uRFhvTzw=,6JU60sounpzwSUDiXOMXErfPOdY=
-3,-17,snZMfdV34bhYcvUnd92uRFhvTzw=,6JU60sounpzwSUDiXOMXErfPOdY=
-5,-17,snZMfdV34bhYcvUnd92uRFhvTzw=,Ip8YAUh+Ab1ADMk/squf2ODC+qE=
-13,-17,snZMfdV34bhYcvUnd92uRFhvTzw=,EJNCjvslWLVdKIqwWrhMzsTrDm0=
-12,-17,snZMfdV34bhYcvUnd92uRFhvTzw=,k75KD5Thq+xIVXTXYwx3G0UMCd8=
-11,-17,snZMfdV34bhYcvUnd92uRFhvTzw=,k75KD5Thq+xIVXTXYwx3G0UMCd8=
-10,-17,snZMfdV34bhYcvUnd92uRFhvTzw=,gDXim7ov11jf77Bm2eZvXayRApA=
-6,-17,snZMfdV34bhYcvUnd92uRFhvTzw=,Ip8YAUh+Ab1ADMk/squf2ODC+qE=
-8,-17,snZMfdV34bhYcvUnd92uRFhvTzw=,63fwekm5H9K2nJMF/R74KqDBEhY=
-7,-17,snZMfdV34bhYcvUnd92uRFhvTzw=,63fwekm5H9K2nJMF/R74KqDBEhY=
-9,-17,snZMfdV34bhYcvUnd92uRFhvTzw=,gDXim7ov11jf77Bm2eZvXayRApA=
-16,-32,snZMfdV34bhYcvUnd92uRFhvTzw=,ne041ukQeOOsJavTyyckI9JZt1g=
-12,-30,snZMfdV34bhYcvUnd92uRFhvTzw=,PMGxy1tAO7k+yOksGBzqgZFnHhQ=
-15,-32,snZMfdV34bhYcvUnd92uRFhvTzw=,ne041ukQeOOsJavTyyckI9JZt1g=
-13,-30,snZMfdV34bhYcvUnd92uRFhvTzw=,VNqeTtmx88messOe3MGSwsUQLRU=
-11,-28,snZMfdV34bhYcvUnd92uRFhvTzw=,9sHjW5H4jgVMCPlr3l9hj93OrxM=
-11,-29,snZMfdV34bhYcvUnd92uRFhvTzw=,PMGxy1tAO7k+yOksGBzqgZFnHhQ=
-11,-26,snZMfdV34bhYcvUnd92uRFhvTzw=,qWBVyU8IK9zLZ5APY3qx0r8Uho0=
-11,-27,snZMfdV34bhYcvUnd92uRFhvTzw=,9sHjW5H4jgVMCPlr3l9hj93OrxM=
-9,-20,snZMfdV34bhYcvUnd92uRFhvTzw=,D7UEhloqYGoDhOtrqn33uistNyA=
-6,-20,snZMfdV34bhYcvUnd92uRFhvTzw=,5Q7NJ0QAyfIVsE+Oo4uPqf+Q3HA=
-11,-22,snZMfdV34bhYcvUnd92uRFhvTzw=,m2VdA4pYvpIh1k2PeatC4VlHBBM=
-11,-25,snZMfdV34bhYcvUnd92uRFhvTzw=,qWBVyU8IK9zLZ5APY3qx0r8Uho0=
-9,-21,snZMfdV34bhYcvUnd92uRFhvTzw=,OclnVj53ou2Gh3COZVHnhstOeVk=
-11,-24,snZMfdV34bhYcvUnd92uRFhvTzw=,70ADKFWE3U/eX8+8/yj+vSttXs4=
-10,-22,snZMfdV34bhYcvUnd92uRFhvTzw=,OclnVj53ou2Gh3COZVHnhstOeVk=
-11,-23,snZMfdV34bhYcvUnd92uRFhvTzw=,70ADKFWE3U/eX8+8/yj+vSttXs4=
-9,-22,snZMfdV34bhYcvUnd92uRFhvTzw=,OclnVj53ou2Gh3COZVHnhstOeVk=
-11,-30,snZMfdV34bhYcvUnd92uRFhvTzw=,PMGxy1tAO7k+yOksGBzqgZFnHhQ=
-3,-18,snZMfdV34bhYcvUnd92uRFhvTzw=,6JU60sounpzwSUDiXOMXErfPOdY=
-14,-17,snZMfdV34bhYcvUnd92uRFhvTzw=,EJNCjvslWLVdKIqwWrhMzsTrDm0=
-25,-19,q4YgFzOz2d3am6hwL4OMf3syXIU=,pN1N1EQ+KAlDpRfZrBHKwx7k8As=
-25,-18,q4YgFzOz2d3am6hwL4OMf3syXIU=,qttIn071mMtFtjHRzesV4EGPfEM=
-24,-18,q4YgFzOz2d3am6hwL4OMf3syXIU=,ORkytbFslPT4tVYi3rKosF1QC+c=
-24,-19,q4YgFzOz2d3am6hwL4OMf3syXIU=,8h7g506xDHhwtA62mMeC8pzj+4Q=
-23,-19,q4YgFzOz2d3am6hwL4OMf3syXIU=,8h7g506xDHhwtA62mMeC8pzj+4Q=
-23,-18,q4YgFzOz2d3am6hwL4OMf3syXIU=,ORkytbFslPT4tVYi3rKosF1QC+c=
-22,-18,q4YgFzOz2d3am6hwL4OMf3syXIU=,KgUOUH1k/rhZ8fr8DdQTtXXV0yw=
-26,-18,q4YgFzOz2d3am6hwL4OMf3syXIU=,qttIn071mMtFtjHRzesV4EGPfEM=
-27,-19,q4YgFzOz2d3am6hwL4OMf3syXIU=,3x87Q52AG0sGBLg7MnZLvesBm2E=
-27,-18,q4YgFzOz2d3am6hwL4OMf3syXIU=,tvt7G4eLKCmDctQfZPO3KMZhl0s=
-26,-19,q4YgFzOz2d3am6hwL4OMf3syXIU=,pN1N1EQ+KAlDpRfZrBHKwx7k8As=
-31,-20,q4YgFzOz2d3am6hwL4OMf3syXIU=,PCIK203VQHrtrrpBJy+rrl7gLLk=
-30,-20,q4YgFzOz2d3am6hwL4OMf3syXIU=,aJQwMeOZCmt/9mbG7L5KXosQk4Q=
-31,-21,q4YgFzOz2d3am6hwL4OMf3syXIU=,edHmpjn93bbaU9+6akfbvfRteMo=
-30,-21,q4YgFzOz2d3am6hwL4OMf3syXIU=,SssqgThtNZxRhSp9T/nRGe62eyI=
-18,-18,q4YgFzOz2d3am6hwL4OMf3syXIU=,51oeTHw2C/l46yFE1atTWmJroi8=
-21,-17,q4YgFzOz2d3am6hwL4OMf3syXIU=,KgUOUH1k/rhZ8fr8DdQTtXXV0yw=
-21,-18,q4YgFzOz2d3am6hwL4OMf3syXIU=,KgUOUH1k/rhZ8fr8DdQTtXXV0yw=
-19,-17,q4YgFzOz2d3am6hwL4OMf3syXIU=,gzmltJzTRF6o6CC0Ot1p8FgDF8M=
-19,-18,q4YgFzOz2d3am6hwL4OMf3syXIU=,gzmltJzTRF6o6CC0Ot1p8FgDF8M=
-18,-17,q4YgFzOz2d3am6hwL4OMf3syXIU=,51oeTHw2C/l46yFE1atTWmJroi8=
-20,-18,q4YgFzOz2d3am6hwL4OMf3syXIU=,gzmltJzTRF6o6CC0Ot1p8FgDF8M=
-20,-17,q4YgFzOz2d3am6hwL4OMf3syXIU=,gzmltJzTRF6o6CC0Ot1p8FgDF8M=
-18,-27,q4YgFzOz2d3am6hwL4OMf3syXIU=,Yf/JmZiiLqsTtKmRDFBD9ujKyZc=
-18,-26,q4YgFzOz2d3am6hwL4OMf3syXIU=,zEM/pWLZBbNgxqV9xNFFj/OVxTc=
-19,-27,q4YgFzOz2d3am6hwL4OMf3syXIU=,K3Benj3yLCTnshP1p2eCnVdpVOE=
-19,-26,q4YgFzOz2d3am6hwL4OMf3syXIU=,kKka8YqoxHNi8qMIrNAOWYGBD88=
-19,-28,q4YgFzOz2d3am6hwL4OMf3syXIU=,K3Benj3yLCTnshP1p2eCnVdpVOE=
-18,-30,q4YgFzOz2d3am6hwL4OMf3syXIU=,FQnO5nUN/mawtJ3gRCJs26LG9KI=
-18,-29,q4YgFzOz2d3am6hwL4OMf3syXIU=,FQnO5nUN/mawtJ3gRCJs26LG9KI=
-19,-29,q4YgFzOz2d3am6hwL4OMf3syXIU=,eA1DpuVl4W6afb2WkG/CZnw7cgU=
-18,-28,q4YgFzOz2d3am6hwL4OMf3syXIU=,Yf/JmZiiLqsTtKmRDFBD9ujKyZc=
-19,-30,q4YgFzOz2d3am6hwL4OMf3syXIU=,eA1DpuVl4W6afb2WkG/CZnw7cgU=
-18,-31,q4YgFzOz2d3am6hwL4OMf3syXIU=,juCwJpAKAKgyh/6UxqESkhZ6hik=
-21,-30,q4YgFzOz2d3am6hwL4OMf3syXIU=,X8J6CN5/oKH6OlCKbYKCbIZ0eNo=
-20,-30,q4YgFzOz2d3am6hwL4OMf3syXIU=,eA1DpuVl4W6afb2WkG/CZnw7cgU=
-19,-31,q4YgFzOz2d3am6hwL4OMf3syXIU=,reY8k4WAadvvwuztqftANc1NlLU=
-20,-31,q4YgFzOz2d3am6hwL4OMf3syXIU=,reY8k4WAadvvwuztqftANc1NlLU=
-21,-31,q4YgFzOz2d3am6hwL4OMf3syXIU=,CJxlFnkpDeGxLim7b4AlAdoEBRo=
-23,-31,q4YgFzOz2d3am6hwL4OMf3syXIU=,ap1NiUPVmDl2csscp58xB3FfGXk=
-22,-30,q4YgFzOz2d3am6hwL4OMf3syXIU=,X8J6CN5/oKH6OlCKbYKCbIZ0eNo=
-22,-31,q4YgFzOz2d3am6hwL4OMf3syXIU=,CJxlFnkpDeGxLim7b4AlAdoEBRo=
-24,-31,q4YgFzOz2d3am6hwL4OMf3syXIU=,ap1NiUPVmDl2csscp58xB3FfGXk=
-25,-31,q4YgFzOz2d3am6hwL4OMf3syXIU=,UvttpxbgWl0OK83WDblvwaPN9JQ=
-28,-19,q4YgFzOz2d3am6hwL4OMf3syXIU=,3x87Q52AG0sGBLg7MnZLvesBm2E=
-31,-19,q4YgFzOz2d3am6hwL4OMf3syXIU=,PCIK203VQHrtrrpBJy+rrl7gLLk=
-28,-18,q4YgFzOz2d3am6hwL4OMf3syXIU=,tvt7G4eLKCmDctQfZPO3KMZhl0s=
-29,-19,q4YgFzOz2d3am6hwL4OMf3syXIU=,aJQwMeOZCmt/9mbG7L5KXosQk4Q=
-27,-17,q4YgFzOz2d3am6hwL4OMf3syXIU=,tvt7G4eLKCmDctQfZPO3KMZhl0s=
-30,-19,q4YgFzOz2d3am6hwL4OMf3syXIU=,aJQwMeOZCmt/9mbG7L5KXosQk4Q=
-26,-17,q4YgFzOz2d3am6hwL4OMf3syXIU=,qttIn071mMtFtjHRzesV4EGPfEM=
-23,-17,q4YgFzOz2d3am6hwL4OMf3syXIU=,ORkytbFslPT4tVYi3rKosF1QC+c=
-24,-17,q4YgFzOz2d3am6hwL4OMf3syXIU=,ORkytbFslPT4tVYi3rKosF1QC+c=
-25,-17,q4YgFzOz2d3am6hwL4OMf3syXIU=,qttIn071mMtFtjHRzesV4EGPfEM=
-22,-17,q4YgFzOz2d3am6hwL4OMf3syXIU=,KgUOUH1k/rhZ8fr8DdQTtXXV0yw=
-17,-31,q4YgFzOz2d3am6hwL4OMf3syXIU=,juCwJpAKAKgyh/6UxqESkhZ6hik=
-17,-30,q4YgFzOz2d3am6hwL4OMf3syXIU=,FQnO5nUN/mawtJ3gRCJs26LG9KI=
-17,-26,q4YgFzOz2d3am6hwL4OMf3syXIU=,zEM/pWLZBbNgxqV9xNFFj/OVxTc=
-17,-28,q4YgFzOz2d3am6hwL4OMf3syXIU=,Yf/JmZiiLqsTtKmRDFBD9ujKyZc=
-17,-29,q4YgFzOz2d3am6hwL4OMf3syXIU=,FQnO5nUN/mawtJ3gRCJs26LG9KI=
-17,-27,q4YgFzOz2d3am6hwL4OMf3syXIU=,Yf/JmZiiLqsTtKmRDFBD9ujKyZc=
-17,-25,q4YgFzOz2d3am6hwL4OMf3syXIU=,zEM/pWLZBbNgxqV9xNFFj/OVxTc=
-17,-24,q4YgFzOz2d3am6hwL4OMf3syXIU=,0es1rmOig6zUWciZM+Olh2hAYRk=
-17,-23,q4YgFzOz2d3am6hwL4OMf3syXIU=,0es1rmOig6zUWciZM+Olh2hAYRk=
-17,-22,q4YgFzOz2d3am6hwL4OMf3syXIU=,vABKNyLcf+mkQyqVOpVSb6PcYWg=
-17,-21,q4YgFzOz2d3am6hwL4OMf3syXIU=,vABKNyLcf+mkQyqVOpVSb6PcYWg=
-17,-18,q4YgFzOz2d3am6hwL4OMf3syXIU=,51oeTHw2C/l46yFE1atTWmJroi8=
-17,-17,q4YgFzOz2d3am6hwL4OMf3syXIU=,51oeTHw2C/l46yFE1atTWmJroi8=
-29,-21,q4YgFzOz2d3am6hwL4OMf3syXIU=,SssqgThtNZxRhSp9T/nRGe62eyI=
-29,-20,q4YgFzOz2d3am6hwL4OMf3syXIU=,aJQwMeOZCmt/9mbG7L5KXosQk4Q=
-28,-20,q4YgFzOz2d3am6hwL4OMf3syXIU=,3x87Q52AG0sGBLg7MnZLvesBm2E=
-27,-20,q4YgFzOz2d3am6hwL4OMf3syXIU=,3x87Q52AG0sGBLg7MnZLvesBm2E=
-26,-20,q4YgFzOz2d3am6hwL4OMf3syXIU=,pN1N1EQ+KAlDpRfZrBHKwx7k8As=
-32,-19,q4YgFzOz2d3am6hwL4OMf3syXIU=,PCIK203VQHrtrrpBJy+rrl7gLLk=
-25,-20,q4YgFzOz2d3am6hwL4OMf3syXIU=,pN1N1EQ+KAlDpRfZrBHKwx7k8As=
-24,-20,q4YgFzOz2d3am6hwL4OMf3syXIU=,8h7g506xDHhwtA62mMeC8pzj+4Q=
-23,-32,q4YgFzOz2d3am6hwL4OMf3syXIU=,ap1NiUPVmDl2csscp58xB3FfGXk=
-22,-32,q4YgFzOz2d3am6hwL4OMf3syXIU=,CJxlFnkpDeGxLim7b4AlAdoEBRo=
-20,-32,q4YgFzOz2d3am6hwL4OMf3syXIU=,reY8k4WAadvvwuztqftANc1NlLU=
-21,-32,q4YgFzOz2d3am6hwL4OMf3syXIU=,CJxlFnkpDeGxLim7b4AlAdoEBRo=
-18,-32,q4YgFzOz2d3am6hwL4OMf3syXIU=,juCwJpAKAKgyh/6UxqESkhZ6hik=
-19,-32,q4YgFzOz2d3am6hwL4OMf3syXIU=,reY8k4WAadvvwuztqftANc1NlLU=
-17,-32,q4YgFzOz2d3am6hwL4OMf3syXIU=,juCwJpAKAKgyh/6UxqESkhZ6hik=
-25,-32,q4YgFzOz2d3am6hwL4OMf3syXIU=,UvttpxbgWl0OK83WDblvwaPN9JQ=
-24,-32,q4YgFzOz2d3am6hwL4OMf3syXIU=,ap1NiUPVmDl2csscp58xB3FfGXk=
-32,-31,q4YgFzOz2d3am6hwL4OMf3syXIU=,4au/uT1JPia9wa4tjA8oHi0eii4=
-31,-31,q4YgFzOz2d3am6hwL4OMf3syXIU=,4au/uT1JPia9wa4tjA8oHi0eii4=
-30,-31,q4YgFzOz2d3am6hwL4OMf3syXIU=,GP0c7jkwGfx3jcsED2ivUTbNpWE=
-30,-32,q4YgFzOz2d3am6hwL4OMf3syXIU=,GP0c7jkwGfx3jcsED2ivUTbNpWE=
-26,-31,q4YgFzOz2d3am6hwL4OMf3syXIU=,UvttpxbgWl0OK83WDblvwaPN9JQ=
-31,-32,q4YgFzOz2d3am6hwL4OMf3syXIU=,4au/uT1JPia9wa4tjA8oHi0eii4=
-29,-32,q4YgFzOz2d3am6hwL4OMf3syXIU=,GP0c7jkwGfx3jcsED2ivUTbNpWE=
-28,-31,q4YgFzOz2d3am6hwL4OMf3syXIU=,xg2JQ3xy2ag41JOdz8qL5hxS8XA=
-28,-32,q4YgFzOz2d3am6hwL4OMf3syXIU=,xg2JQ3xy2ag41JOdz8qL5hxS8XA=
-26,-32,q4YgFzOz2d3am6hwL4OMf3syXIU=,UvttpxbgWl0OK83WDblvwaPN9JQ=
-27,-31,q4YgFzOz2d3am6hwL4OMf3syXIU=,xg2JQ3xy2ag41JOdz8qL5hxS8XA=
-27,-32,q4YgFzOz2d3am6hwL4OMf3syXIU=,xg2JQ3xy2ag41JOdz8qL5hxS8XA=
-29,-31,q4YgFzOz2d3am6hwL4OMf3syXIU=,GP0c7jkwGfx3jcsED2ivUTbNpWE=
-18,-25,q4YgFzOz2d3am6hwL4OMf3syXIU=,zEM/pWLZBbNgxqV9xNFFj/OVxTc=
-18,-21,q4YgFzOz2d3am6hwL4OMf3syXIU=,vABKNyLcf+mkQyqVOpVSb6PcYWg=
-19,-25,q4YgFzOz2d3am6hwL4OMf3syXIU=,kKka8YqoxHNi8qMIrNAOWYGBD88=
-18,-24,q4YgFzOz2d3am6hwL4OMf3syXIU=,0es1rmOig6zUWciZM+Olh2hAYRk=
-18,-23,q4YgFzOz2d3am6hwL4OMf3syXIU=,0es1rmOig6zUWciZM+Olh2hAYRk=
-21,-29,q4YgFzOz2d3am6hwL4OMf3syXIU=,X8J6CN5/oKH6OlCKbYKCbIZ0eNo=
-18,-22,q4YgFzOz2d3am6hwL4OMf3syXIU=,vABKNyLcf+mkQyqVOpVSb6PcYWg=
-20,-28,q4YgFzOz2d3am6hwL4OMf3syXIU=,K3Benj3yLCTnshP1p2eCnVdpVOE=
-20,-29,q4YgFzOz2d3am6hwL4OMf3syXIU=,eA1DpuVl4W6afb2WkG/CZnw7cgU=
-20,-26,q4YgFzOz2d3am6hwL4OMf3syXIU=,kKka8YqoxHNi8qMIrNAOWYGBD88=
-20,-27,q4YgFzOz2d3am6hwL4OMf3syXIU=,K3Benj3yLCTnshP1p2eCnVdpVOE=
-20,-25,q4YgFzOz2d3am6hwL4OMf3syXIU=,kKka8YqoxHNi8qMIrNAOWYGBD88=
-31,-22,q4YgFzOz2d3am6hwL4OMf3syXIU=,edHmpjn93bbaU9+6akfbvfRteMo=
-22,-29,q4YgFzOz2d3am6hwL4OMf3syXIU=,X8J6CN5/oKH6OlCKbYKCbIZ0eNo=
-30,-22,q4YgFzOz2d3am6hwL4OMf3syXIU=,SssqgThtNZxRhSp9T/nRGe62eyI=
-32,-21,q4YgFzOz2d3am6hwL4OMf3syXIU=,edHmpjn93bbaU9+6akfbvfRteMo=
-32,-20,q4YgFzOz2d3am6hwL4OMf3syXIU=,PCIK203VQHrtrrpBJy+rrl7gLLk=
-32,-22,q4YgFzOz2d3am6hwL4OMf3syXIU=,edHmpjn93bbaU9+6akfbvfRteMo=
-28,-17,q4YgFzOz2d3am6hwL4OMf3syXIU=,tvt7G4eLKCmDctQfZPO3KMZhl0s=
-23,-20,q4YgFzOz2d3am6hwL4OMf3syXIU=,8h7g506xDHhwtA62mMeC8pzj+4Q=
-29,-22,q4YgFzOz2d3am6hwL4OMf3syXIU=,SssqgThtNZxRhSp9T/nRGe62eyI=
-32,-32,q4YgFzOz2d3am6hwL4OMf3syXIU=,4au/uT1JPia9wa4tjA8oHi0eii4=
-20,-16,q4YgFzOz2d3am6hwL4OMf3syXIU=,sh9HGzOkdyCoiyFpmT1eF3N6mjY=
-20,-15,q4YgFzOz2d3am6hwL4OMf3syXIU=,sh9HGzOkdyCoiyFpmT1eF3N6mjY=
-19,-15,q4YgFzOz2d3am6hwL4OMf3syXIU=,sh9HGzOkdyCoiyFpmT1eF3N6mjY=
-17,-15,q4YgFzOz2d3am6hwL4OMf3syXIU=,diVrYPYSoIACYR6x4BDsPCshcTQ=
-18,-16,q4YgFzOz2d3am6hwL4OMf3syXIU=,diVrYPYSoIACYR6x4BDsPCshcTQ=
-17,-16,q4YgFzOz2d3am6hwL4OMf3syXIU=,diVrYPYSoIACYR6x4BDsPCshcTQ=
-18,-15,q4YgFzOz2d3am6hwL4OMf3syXIU=,diVrYPYSoIACYR6x4BDsPCshcTQ=
-19,-16,q4YgFzOz2d3am6hwL4OMf3syXIU=,sh9HGzOkdyCoiyFpmT1eF3N6mjY=
